/* Creating and inserting data into the tables */

/* Tables with no FKS */
DROP TABLE IF EXISTS Civilizations;
CREATE TABLE IF NOT EXISTS Civilizations(
  civilizationID INTEGER PRIMARY KEY AUTOINCREMENT,
  civilizationName VARCHAR(20) NOT NULL UNIQUE
);

INSERT INTO Civilizations
(civilizationName)
VALUES
('Britons'),
('Celts'),
('Goths'),
('Mongols'),
('Persians'),
('Franks'),
('Japanese'),
('Saracens'),
('Vikings');

DROP TABLE IF EXISTS Ages;
CREATE TABLE IF NOT EXISTS Ages(
  /* PK */ ageID INTEGER PRIMARY KEY,
  ageName VARCHAR(10) NOT NULL
);

INSERT INTO Ages
(ageID, ageName)
VALUES
('1', 'Dark Age'),
('2', 'Feudal Age'),
('3', 'Castle Age'),
('4', 'Imperial Age');

DROP TABLE IF EXISTS ArmorClasses;
CREATE TABLE IF NOT EXISTS ArmorClasses(
  /* PK */ armorID INTEGER PRIMARY KEY AUTOINCREMENT,
  armorName VARCHAR(20) NOT NULL UNIQUE
);

INSERT INTO ArmorClasses
(armorName)
VALUES
('Archer unit'),
('Building'),
('Camel unit'),
('Casle building'),
('Cavalry unit'),
('Cavalry archer unit'),
('Eagle warrior unit'),
('Gunpowder unit'),
('Infantry unit'),
('Monk unit'),
('Ram unit'),
('Ship unit'),
('Siege weapon unit'),
('Spearman unit'),
('Stone defence building'),
('Turtle ship unit'),
('Unique unit'),
('Wall and gate building'),
('Elephant unit'),
('Hero unit'),
('Demolition ship unit'),
('Galley unit'),
('Fire ship unit'),
('Watch tower building'),
('Town center building'),
('Land unit'),
('Longboat (Viking)'),
('Villager');

/* Tables with 1 FK */
DROP TABLE IF EXISTS Events;
CREATE TABLE IF NOT EXISTS Events(
  /* PK */ eventID INTEGER PRIMARY KEY AUTOINCREMENT,
  /* FK */ ageID INTEGER NOT NULL,
  eventName VARCHAR(30) NOT NULL,
  eventEffect TEXT NOT NULL,
  /* FK references */ FOREIGN KEY(ageID) references Ages(ageID)
);

INSERT INTO Events
(ageID, eventName, eventEffect)
VALUES
('2', 'A Just Cause', 'All attacking units +1 AP for this turn'),
('1', 'Back From A Foreign Land', 'Use 1 Civilization bonus from target player for this turn. Bonus may not be used if it is a starting bonus, or requires civilization specific cards. Play anytime.'),
('2', 'Barrel Of Grog', 'Target unit may not move this turn. If target unit is Celt, they get +2 HP for this turn. Play anytime.'),
('3', 'Bone Shaft Arrows (Mongol)', '+4 AP for target Cavalry Archer or Elite Cavalry Archer for this turn. Play anytime.'),
('2', 'Caught From The Crow''s Nest', 'Target Galley or Fire Ship may deal a bombardment attack before the normal combat begins. This is in addition to their one normal bombardment. Play anytime.'),
('3', 'Celtic Battle Cry (Celt)', 'Stand up and give your best Battle Cry. Target infantry gets +2 hp for this battle. Play anytime.'),
('2', 'Dangerous Times', 'Attachment: Attach to a military building. The building has +5 Garrison until destroyed. Only one Dangerous Times may be in play in your village at any time.'),
('3', 'Fat Friar''s Tavern O'' Spirits', 'Monks on target unit may not have any Conversion or Healing attempts this turn. Play anytime.'),
('3', 'Field Testing', 'Target unit +2 HP, +1 AP for this battle. If target unit destroys an enemy unit this turn, owner may retrieve a Military Technology from their Play deck and add it to their hand. Reshuffle deck. Play anytime.'),
('2', 'First Battle Jitters', '2 tokens on target unit have 0 AP for this battle. Target unit must have 5 tokens on it. Play anytime.'),
('3', 'Flaming Arrows', 'Attachment: Attach to an Archer unit. This unit now gets +2 AP vs. buildings. Discard if unit is destroyed.'),
('2', 'Fortune Favors The Foolish', 'Play on an attacking unit, Roll a 6-sided die. 1 - defending unit deals double damage until end of turn; 2 - Defending unit gains +2 AP per token until end of turn; 3 - no effect; 4 - Attacking unit gains +2 AP per token until end of turn; 5 - Attacking unit gains +4 AP per token until end of turn; 6 - Attacking unit deals double damage until end of turn.'),
('2', 'Gatherin'' A Rowdy Bunch', 'Your Enlistment phase is before your Movement phase for this turn. All attacking units get -1 AP for this turn.'),
('3', 'Gladitorial Games', 'You and a target player must move one unit to No-Man''s-Land. The units will fight until one is destroyed (no retreat). The winner of the battle adds 5 Gold to their supply. Target player chooses unit first.'),
('2', 'Hard To Starboard', 'Reduce damage dealt to target ship by 10 points per round of combat this turn. Play anytime.'),
('2', 'Heavy Tree Cover', 'Target infantry unit. If this turn they fight an archer unit, they take no ranged damage. Normal Combat damage still applies. Play any time.'),
('2', 'High Ground', 'Target Archer gains range bonus for this battle. In 2 - Feudal (+1); In 3 - Castle (+2): In 4 - Imperial (+3) Play anytime.'),
('3', 'Husbandry', 'Attachment: Attach to a Cavalry unit. That unit gains +2 HP. Snuff Husbandry if unit is destroyed.'),
('4', 'It''s A Miracle', 'A successful Healing attempt saves up to 3 tokens, instead of 1. Play this card before an attempt is made. Play anytime.'),
('3', 'Listen To A Story', 'Attempt 1-3 extra conversions this battle. X=2 gold per extra attempt. Play anytime.'),
('3', 'Muddy Battlefield', 'Target Infantry gets double AP vs. Cavalry for this turn. Play anytime.'),
('3', 'Non-Compos Mentis', 'Roll a 1d6 when in combat. On a: 1: take 10 extra damage per round, 2: draw 2 cards, 3: no effect, 4: deal 10 extra damage per round, 5: discard 2 cards, 6: deal 15 extra damage per round. Play anytime.'),
('3', 'Piety', 'If you have 1 monk attached to a unit, your conversion rate is 4. If the attempt fails, the monk dies. Play anytime.'),
('2', 'Black Knight', 'Play this card when you are the attacking Cavalry unit. Two tokens on the defending unit have 0 AP for the first round of normal combat.'),
('1', 'Rally The Workers', '+3 AP for your villagers this turn. Play anytime.'),
('3', 'Relentless Attack', 'This battle, any damage remaining in a round after casualties have been taken carries over into the next round. Remaining damage at the end of this battle is lost. Play anytime.'),
('2', 'Retreat', 'Target unit must retreat before the first round of combat. The Ranged round does count as the first round of combat. Play anytime.'),
('4', 'Holy War', 'For the next 3 turns (not including your current turn) all your production is halved (round down) All of your units get +4 AP during this time.'),
('2', 'Shots In The Back (Briton)', 'If a unit in combat with your Archer retreats, you Archer deals an additional round of range damage without taking any damage.'),
('3', 'Soak The Timbers', 'All enemy Fire Ships get an automatic result of 1 for their die roll when calculating damage this turn. Play anytime.'),
('1', 'Spirits Of The Ancestors', 'Target unit may not attack or move this turn. For unit owner''s next turn, the unit gets +3 AP.'),
('3', 'Squires', 'Attachment: Attach to an Infantry unit. That unit gains +2 HP. Snuff Squires if unit is destroyed.'),
('3', 'Steady Hand', 'Target Archer unit may do ranged damage to a Cavalry unit this turn. Play anytime.'),
('3', 'The Hammer''s Cavalry (Franks)', 'Play when one of your Cavalry units is reduced to one token. Add 2 tokens to the unit at no cost. Play anytime.'),
('3', 'The Jester Is Dead Let''s Get Them! (Celt)', 'Sacrifice 1 of your villagers. +4 AP to all defending units this turn. Play anytime.'),
('2', 'Vengeance Is Mine!', 'Target unit gets +3 HP +3 AP this turn, when defending in your village. Play anytime.'),
('4', 'While They''re Sleeping', 'Target attacking Infantry unit takes no damage for the first round of combat. The ranged round does count as the first round of combat. Play anytime.'),
('3', 'You Will Die! (Saracen)', 'This battle goes for four rounds of normal combat, instead of 2 rounds. No retreat is allowed without event card effect. Play anytime.'),
('3', 'Zealous Monks', 'Target Monk unit gets 1 conversion roll at a 3 or less rate for each monk attached. Limit 2 per deck.'),
('3', 'Explosive arrows {2E}', 'Archers can do damage to buildings in the archer combat round for this turn');

DROP TABLE IF EXISTS Technologies;
CREATE TABLE IF NOT EXISTS Technologies(
  /* PK */ technologyID INTEGER PRIMARY KEY AUTOINCREMENT,
  /* FK */ ageID INTEGER NOT NULL,
  technologyName VARCHAR(30) NOT NULL,
  technologyHealthModifier VARCHAR(3) NOT NULL,
  technologyStandardDamageModifier VARCHAR(2) NOT NULL,
  technologyRangedDamageModifier VARCHAR(2) NOT NULL,
  /* FK references */ FOREIGN KEY(ageID) references Ages(ageID)
);

INSERT INTO Technologies
(ageID, technologyName, technologyHealthModifier, technologyStandardDamageModifier, technologyRangedDamageModifier)
VALUES 
('4', 'Blast Furnace', '0', '6', '0'),
('3', 'Bodkin Arrow', '0', '4', '2'),
('4', 'Bracer', '0', '6', '3'),
('3', 'Chain Barding Armor', '4', '0', '0'),
('3', 'Chain Mail Armor', '4', '0', '0'),
('2', 'Fletching', '0', '2', '1'),
('2', 'Forging', '0', '2', '0'),
('4', 'Hoardings', '80', '0', '0'),
('3', 'Iron Casting', '0', '4', '0'),
('3', 'Leather Archer Armor', '4', '0', '0'),
('1', 'Loom', '2', '0', '0'),
('2', 'Padded Archer Armor', '2', '0', '0'),
('4', 'Plate Barding Armor', '6', '0', '0'),
('4', 'Plate Mail Armor', '6', '0', '0'),
('4', 'Ring Archer Armor', '6', '0', '0'),
('2', 'Scale Barding Armor', '2', '0', '0'),
('2', 'Scale Mail Armor', '2', '0', '0'),
('3', 'Sanctity {2E}', '1', '0', '0'),
('3', 'Redemption {2E}', '0', '0', '0');

DROP TABLE IF EXISTS Units;
CREATE TABLE IF NOT EXISTS Units(
  /* PK */ unitID INTEGER PRIMARY KEY AUTOINCREMENT,
  /* FK */ ageID INTEGER NOT NULL,
  unitName VARCHAR(35) NOT NULL,
  unitHealth VARCHAR(3) NOT NULL,
  unitStandardDamage VARCHAR(2) NOT NULL,
  unitRangedDamage VARCHAR(2) NOT NULL,
  unitPointValue VARCHAR(2) NOT NULL,
  /* FK references */ FOREIGN KEY(ageID) references Ages(ageID)
);

INSERT INTO Units
(ageID, unitName, unitHealth, unitStandardDamage, unitRangedDamage, unitPointValue)
VALUES
('2','Archer (Saracen)','6','4','5','2'),
('2','Archer','6','4','5','2'),
('3','Battering Ram (Celt)','41','0','0','10'),
('3','Battering Ram','41','0','0','11'),
('3','Berserk (Viking)','12','9','0','2'),
('3','Camel','26','6','0','4'),
('3','Cavalry Archer (Mongol)','12','6','9','3'),
('3','Cavalry Archer (Saracen)','12','6','7','3'),
('3','Cavalry Archer','12','6','7','3'),
('3','Demolition Ship (Viking)','13','110','0','3'),
('3','Demolition Ship','13','110','0','4'),
('3','Fire Ship','26','4','0','4'),
('1','Fishing Ship (Japanese)','30','0','0','2'),
('1','Fishing Ship','16','0','0','2'),
('2','Galley','30','14','0','4'),
('2','Galley (Saracen)','30','17','0','4'),
('3','Huskarl','16','10','0','2'),
('3','Knight (Frank)','32','10','0','5'),
('3','Knight (Persian)','26','10','0','5'),
('3','Knight','26','10','0','5'),
('3','Longboat (Viking)','33','14','0','5'),
('3','Longbowman (Briton)','8','10','8','2'),
('3','Mameluke (Saracen)','18','7','4','5'),
('3','Mangonel (Celt)','12','40','0','11'),
('3','Mangonel','12','40','0','12'),
('3','Mangudai (Mongol)','16','8','7','5'),
('1','Militia (Goth)','8','4','0','2'),
('1','Militia','8','4','0','2'),
('3','Samurai (Japanese)','16','8','0','2'),
('3','Scorpion (Celt)','8','14','0','7'),
('3','Scorpion','8','12','0','8'),
('2','Scout Cavalry','10','5','0','3'),
('2','Skirmisher','6','2','3','2'),
('2','Spearman (Goth)','10','3','0','2'),
('2','Spearman (Japanese)','10','4','0','2'),
('2','Spearman (Viking)','11','3','0','2'),
('2','Spearman','10','3','0','2'),
('3','Throwing Axeman (Frank)','14','7','4','2'),
('2','Trade Cog','14','0','0','5'),
('4','Trebuchet','36','200','0','17'),
('3','War Elephant (Persian)','94','15','0','15'),
('3','Woad Raider (Celt)','18','8','0','2'),
('4','Arbalest (Briton)','8','7','8','2'),
('4','Arbalest (Saracen)','8','6','7','2'),
('4','Arbalest','8','6','7','2'),
('4','Capped Ram (Celt)','46','0','0','12'),
('4','Capped Ram','46','0','0','13'),
('4','Cavalier (Frank)','36','12','0','5'),
('4','Cavalier (Persian)','30','12','0','5'),
('4','Cavalier','30','12','0','5'),
('4','Champion (Goth)','20','13','0','2'),
('4','Champion (Japanese)','20','17','0','2'),
('4','Champion (Viking)','24','13','0','2'),
('4','Champion','20','13','0','2'),
('3','Crossbowman (Saracen)','8','5','6','2'),
('3','Crossbowman','8','5','6','2'),
('4','Elite Berserk (Viking)','18','14','0','2'),
('4','Elite Huskarl (Goth)','20','12','0','2'),
('4','Elite Longboat (Viking)','38','16','0','5'),
('4','Elite Longbowman (Briton)','8','12','10','2'),
('4','Elite Mameluke (Saracen)','22','8','5','5'),
('4','Elite Mangudai (Mongol)','16','10','9','5'),
('4','Elite Samurai (Japanese)','20','12','0','2'),
('3','Elite Skirmisher','8','3','5','2'),
('4','Elite Throwing Axeman (Frank)','16','8','5','2'),
('4','Elite War Elephant (Persian)','126','25','0','15'),
('4','Elite Woad Raider (Celt)','22','13','0','2'),
('4','Fast Fire Ship','30','6','0','4'),
('4','Galleon','40','18','0','4'),
('4','Galleon (Vikings)','40','18','0','3'),
('4','Galleon (Saracen)','40','23','0','4'),
('4','Heavy Camel','30','7','0','4'),
('4','Heavy Cavalry Archer (Mongol)','16','7','10','3'),
('4','Heavy Cavalry Archer (Saracen)','16','7','8','3'),
('4','Heavy Cavalry Archer','16','7','8','3'),
('4','Heavy Demolition Ship','16','140','0','4'),
('4','Heavy Scorpion','12','16','0','10'),
('4','Heavy Scorpion (Celt)','12','19','0','9'),
('3','Light Cavalry (Mongol)','20','7','0','3'),
('3','Light Cavalry','16','7','0','3'),
('3','Long Swordsman','12','9','0','2'),
('3','Long Swordsman (Viking)','16','9','0','2'),
('3','Long Swordsman (Japanese)','14','11','0','2'),
('3','Long Swordsman (Goth)','12','9','0','2'),
('2','Man-at-Arms','10','6','0','2'),
('2','Man-at-Arms (Japanese)','10','7','0','2'),
('2','Man-at-Arms (Viking)','11','6','0','2'),
('2','Man-at-Arms (Goth)','10','6','0','2'),
('4','Onager (Celt)','16','50','0','13'),
('4','Onager','16','50','0','14'),
('4','Paladin','38','14','0','5'),
('4','Paladin (Franks)','44','14','0','5'),
('4','Paladin (Persian)','38','14','0','5'),
('3','Pikeman','14','4','0','2'),
('3','Pikeman (Viking)','16','4','0','2'),
('3','Pikeman (Japanese)','14','5','0','2'),
('3','Pikeman (Goth)','14','4','0','2'),
('4','Siege Onager','20','75','0','14'),
('4','Siege Onager (Celt)','20','75','0','13'),
('4','Siege Ram','60','220','0','13'),
('4','Siege Ram (Celt)','60','230','0','12'),
('4','Two-handed Swordsman','16','11','0','2'),
('4','Two-handed Swordsman (Viking)','19','11','0','2'),
('4','Two-handed Swordsman (Japanese)','16','14','0','2'),
('4','Two-handed Swordsman (Goth)','16','11','0','2'),
('3','War Galley','34','16','0','4'),
('3','War Galley (Saracen)','34','20','0','4'),
('1','Villager','4','3','0','1'),
('3','Monk','3','0','0','3'),
('3','War Galley (Japanese)','34','16','0','4'),
('2','Spearman (Celt)','10','3','0','2'),
('2','Galley (Viking)','30','14','0','3'),
('2','Galley (Japanese)','30','14','0','4');

DROP TABLE IF EXISTS Buildings;
CREATE TABLE IF NOT EXISTS Buildings(
  /* PK */ buildingID INTEGER PRIMARY KEY AUTOINCREMENT,
  /* FK */ ageID INTEGER NOT NULL,
  buildingName VARCHAR(35) NOT NULL,
  buildingStandardDamage VARCHAR(2) NOT NULL,
  buildingGarrisonValue VARCHAR(2) NOT NULL,
  buildingPointValue VARCHAR(2) NOT NULL,
  /* FK references */ FOREIGN KEY(ageID) references Ages(ageID)
);

INSERT INTO Buildings
(ageID, buildingName, buildingStandardDamage, buildingGarrisonValue, buildingPointValue)
VALUES 
('2','Archery Range','0','10','11'),
('1','Barracks','0','10','11'),
('2','Blacksmith','0','0','10'),
('3','Castle','0','10','30'),
('3','Castle (Frank)','0','10','25'),
('4','Charlamagne''s Palace At Aix La''Chapelle (Briton)','0','0','0'),
('4','Notre-Dame Cathedral (Frank)','0','0','0'),
('4','Rock Of Cashel (Celt)','0','0','0'),
('4','Stave Church At Urnes (Viking)','0','0','0'),
('1','Dock (Persian)','0','5','8'),
('1','Dock','0','5','8'),
('1','Farm','0','0','4'),
('2','Palisade Gate','0','0','8'),
('1','Gold Mine (Japanese)','0','0','4'),
('1','Gold Mine','0','0','6'),
('1','House','0','0','2'),
('1','Lumber Camp (Japanese)','0','0','5'),
('1','Lumber Camp','0','0','6'),
('2','Market','0','0','12'),
('1','Mill (Japanese)','0','0','5'),
('1','Mill','0','0','6'),
('3','Monastery','0','10','10'),
('1','Outpost','0','0','4'),
('1','Palisade Wall','0','0','2'),
('3','Siege Workshop','0','3','11'),
('2','Stable','0','10','11'),
('1','Stone Mine (Japanese)','0','0','4'),
('1','Stone Mine','0','0','6'),
('2','Stone Wall','0','0','4'),
('1','Town Center (Briton)','0','0','12'),
('1','Town Center (Persian)','0','0','17'),
('1','Town Center','0','0','17'),
('2','Watch Tower','15','0','9'),
('3','Fortified Wall','0','0','8'),
('4','The Golden Tent Of The Great Khan (Mongol)','0','0','0'),
('4','The Great Temple At Nara (Japanese)','0','0',''),
('4','The Palace Of Ctesiphon On The Tigris (Persian)','0','0','0'),
('4','Tomb Of Theodoric (Goth)','0','0','0');

DROP TABLE IF EXISTS BuildingHealthBasedOnConstructionStatus;
CREATE TABLE IF NOT EXISTS BuildingHealthBasedOnConstructionStatus(
  /* PK */ buildingUnderConstructionID INTEGER PRIMARY KEY AUTOINCREMENT,
  /* FK */ buildingID INTEGER NOT NULL,
  constructionPercentageOutOf100 VARCHAR(3) NOT NULL,
  buildingHealth VARCHAR(3) NOT NULL,
  /* FK references */ FOREIGN KEY(buildingID) references Buildings(buildingID)
);

INSERT INTO BuildingHealthBasedOnConstructionStatus
(buildingID,constructionPercentageOutOf100, buildingHealth)
VALUES 
('1','100','120'),
('2','100','120'),
('3','100','210'),
('4','100','440'),
('5','100','440'),
('6','25','110'),
('6','50','220'),
('6','75','330'),
('6','100','440'),
('7','25','110'),
('7','50','220'),
('7','75','330'),
('7','100','440'),
('8','25','110'),
('8','50','220'),
('8','75','330'),
('8','100','440'),
('9','25','110'),
('9','50','220'),
('9','75','330'),
('9','100','440'),
('10','100','300'),
('11','100','150'),
('12','100','40'),
('13','100','380'),
('14','100','80'),
('15','100','80'),
('16','100','80'),
('17','100','80'),
('18','100','80'),
('19','100','180'),
('20','100','80'),
('21','100','80'),
('22','100','180'),
('23','100','40'),
('24','100','20'),
('25','100','180'),
('26','100','120'),
('27','100','80'),
('28','100','80'),
('29','100','150'),
('30','100','220'),
('31','100','440'),
('32','100','220'),
('33','100','100'),
('34','100','280'),
('35','25','110'),
('35','50','220'),
('35','75','330'),
('35','100','440'),
('36','25','110'),
('36','50','220'),
('36','75','330'),
('36','100','440'),
('37','25','110'),
('37','50','220'),
('37','75','330'),
('37','100','440'),
('38','25','110'),
('38','50','220'),
('38','75','330'),
('38','100','440');

/* Tables with 2+ FKs */
DROP TABLE IF EXISTS WhatTechnologiesAppliesToWhatArmorClasses;
CREATE TABLE IF NOT EXISTS WhatTechnologiesAppliesToWhatArmorClasses(
  /* PK */ technologyArmorClassesID INTEGER PRIMARY KEY AUTOINCREMENT,
  /* FK */ technologyID INTEGER NOT NULL,
  /* FK */ armorID INTEGER NOT NULL,
  /* FK references */ FOREIGN KEY(armorID) references ArmorClasses(armorID)
);

INSERT INTO WhatTechnologiesAppliesToWhatArmorClasses
(technologyID, armorID)
VALUES
/* Blast Furnace (1) */
('1','5'),
('1','9'),
/* Bodkin Arrow (2) */
('2','1'),
('2','6'),
('2','24'),
('2','4'),
('2','25'),
('2','22'),
('2','27'),
/* Bracer (3) */
('3','1'),
('3','6'),
('3','24'),
('3','4'),
('3','25'),
('3','22'),
('3','27'),
/* Chain Barding Armor (4) */
('4','5'),
/* Chain Mail Armor (5) */
('5','9'),
/* Fletching (6) */
('6','1'),
('6','6'),
('6','24'),
('6','4'),
('6','25'),
('6','22'),
('6','27'),
/* Forging (7) */
('7','5'),
('7','9'),
/* Hoardings (8) */
('8','4'),
/* Iron Casting (9) */
('9','5'),
('9','9'),
/* Leather Archer Armor (10) */
('10','1'),
('10','6'),
/* Loom (11) */
('11','28'),
/* Padded Archer Armor (12) */
('12','1'),
('12','6'),
/* Plate Barding Armor (13) */
('13','5'),
/* Plate Mail Armor (14) */
('13','9'),
/* Ring Archer Armor (15) */
('15','1'),
('15','6'),
/* Scale Barding Armor (16) */
('16','5'),
/* Scale Mail Armor (17) */
('17','9'),
/* Sanctity {2E} (18) */
('18','10');

DROP TABLE IF EXISTS CivSpecificEvents;
CREATE TABLE IF NOT EXISTS CivSpecificEvents(
  /* PK */ civSpecificEventID INTEGER PRIMARY KEY AUTOINCREMENT,
  /* FK */ eventID INTEGER NOT NULL,
  /* FK */ civilizationID INTEGER NOT NULL,
  /* FK references */ FOREIGN KEY(eventID) references Events(eventID),
  /* FK references */ FOREIGN KEY(civilizationID) references Civilizations(civilizationID)
);

INSERT INTO CivSpecificEvents
(eventID, civilizationID)
VALUES
('4','4'),
('6','2'),
('29','1'),
('34','6'),
('35','2'),
('38','8');


DROP TABLE IF EXISTS UnitModifiers;
CREATE TABLE IF NOT EXISTS UnitModifiers(
  /* PK */ unitModifierID INTEGER PRIMARY KEY AUTOINCREMENT,
  /* FK */ unitID INTEGER NOT NULL, /* When unit with indicated ID */
  /* FK */ armorID INTEGER NOT NULL, /* Is fighting something with this armor ID */
  unitStandardDamageModifier VARCHAR(2) NOT NULL, /* It has this much standard damage */
  unitRangedDamageModifier VARCHAR(2) NOT NULL, /* It has this much ranged damage */
  doesTheUnitStandardDamageModifierStack VARCHAR(1) NOT NULL, /* Is the standard damage added on or a flat value */
  doesTheUnitRangedDamageModifierStack VARCHAR(1) NOT NULL, /* Is the ranged damage added on or a flat value */
  /* FK references */ FOREIGN KEY(unitID) references Units(unitID),
  /* FK references */ FOREIGN KEY(armorID) references ArmorClasses(armorID)
);

INSERT INTO UnitModifiers
(unitID, armorID, unitStandardDamageModifier, unitRangedDamageModifier, doesTheUnitStandardDamageModifierStack, doesTheUnitRangedDamageModifierStack)
VALUES
('1','2','5','0', 'N', 'N'),
('3','2','70','0', 'N', 'N'),
('4','2','60','0', 'N', 'N'),
('5','2','11','0', 'N', 'N'),
('6','5','20','0', 'N', 'N'),
('12','22','10','0', 'N', 'N'),
('12','27','10','0', 'N', 'N'),
('12','2','10','0', 'N', 'N'),
('12','26','10','0', 'N', 'N'),
('12','23','10','0', 'N', 'N'),
('15','27','30','0', 'N', 'N'),
('15','26','30','0', 'N', 'N'),
('15','2','30','0', 'N', 'N'),
('15','22','30','0', 'N', 'N'),
('16','27','35','0', 'N', 'N'),
('16','26','35','0', 'N', 'N'),
('16','2','35','0', 'N', 'N'),
('16','22','35','0', 'N', 'N'),
('17','2','12','0', 'N', 'N'),
('17','1','12','0', 'N', 'N'),
('19','1','2','0', 'Y', 'N'),
('21','21','40','0', 'N', 'N'),
('21','22','40','0', 'N', 'N'),
('21','27','40','0', 'N', 'N'),
('21','2','40','0', 'N', 'N'),
('21','26','40','0', 'N', 'N'),
('23','5','16','0', 'N', 'N'),
('24','2','90','0', 'N', 'N'),
('25','2','80','0', 'N', 'N'),
('26','12','14','0', 'N', 'N'),
('27','2','2','0', 'Y', 'N'),
('29','2','10','0', 'N', 'N'),
('29','17','12','0', 'N', 'N'),
('33','1','12','12', 'N', 'N'),
('34','2','2','0', 'N', 'N'),
('34','5','25','0', 'N', 'N'),
('35','5','26','0', 'N', 'N'),
('36','5','25','0', 'N', 'N'),
('37','5','25','0', 'N', 'N'),
('38','2','9','0', 'N', 'N'),
('40','2','450','0', 'N', 'N'),
('41','2','30','0', 'N', 'N'),
('42','2','12','0', 'N', 'N'),
('44','2','8','0', 'N', 'N'),
('46','2','120','0', 'N', 'N'),
('47','2','110','0', 'N', 'N'),
('49','1','2','0', 'Y', 'N'),
('51','2','2','0', 'Y', 'N'),
('55','2','6','0', 'N', 'N'),
('57','2','17','0', 'N', 'N'),
('58','2','15','0', 'N', 'N'),
('59','21','50','0', 'N', 'N'),
('61','5','20','0', 'N', 'N'),
('62','13','16','0', 'N', 'N'),
('63','2','15','0', 'N', 'N'),
('63','17','18','0', 'N', 'N'),
('64','1','16','0', 'N', 'N'),
('65','2','12','0', 'N', 'N'),
('66','2','60','0', 'N', 'N'),
('67','2','17','0', 'N', 'N'),
('68','22','12','0', 'N', 'N'),
('68','27','12','0', 'N', 'N'),
('68','2','12','0', 'N', 'N'),
('68','26','12','0', 'N', 'N'),
('68','23','12','0', 'N', 'N'),
('69','27','50','0', 'N', 'N'),
('69','26','50','0', 'N', 'N'),
('69','2','50','0', 'N', 'N'),
('69','22','50','0', 'N', 'N'),
('70','27','50','0', 'N', 'N'),
('70','26','50','0', 'N', 'N'),
('70','2','50','0', 'N', 'N'),
('70','22','50','0', 'N', 'N'),
('71','27','60','0', 'N', 'N'),
('71','26','60','0', 'N', 'N'),
('71','2','60','0', 'N', 'N'),
('71','22','60','0', 'N', 'N'),
('72','5','30','0', 'N', 'N'),
('74','2','10','0', 'N', 'N'),
('84','2','2','0', 'Y', 'N'),
('88','2','2','0', 'Y', 'N'),
('89','2','130','0', 'N', 'N'),
('90','2','120','0', 'N', 'N'),
('93','1','2','0', 'Y', 'N'),
('94','5','40','0', 'N', 'N'),
('95','5','40','0', 'N', 'N'),
('96','5','40','0', 'N', 'N'),
('97','5','40','0', 'N', 'N'),
('97','2','2','0', 'Y', 'N'),
('98','2','180','0', 'N', 'N'),
('99','2','190','0', 'N', 'N'),
('100','2','220','0', 'N', 'N'),
('101','2','230','0', 'N', 'N'),
('105','2','2','0', 'Y', 'N'),
('106','2','40','0', 'N', 'N'),
('106','27','40','0', 'N', 'N'),
('106','26','40','0', 'N', 'N'),
('106','22','40','0', 'N', 'N'),
('107','2','50','0', 'N', 'N'),
('107','27','50','0', 'N', 'N'),
('107','26','50','0', 'N', 'N'),
('107','22','50','0', 'N', 'N'),
('110','27','40','0', 'N', 'N'),
('110','26','40','0', 'N', 'N'),
('110','22','40','0', 'N', 'N'),
('111','5','25','0', 'N', 'N'),
('112','27','30','0', 'N', 'N'),
('112','26','30','0', 'N', 'N'),
('112','2','30','0', 'N', 'N'),
('112','22','30','0', 'N', 'N'),
('113','27','30','0', 'N', 'N'),
('113','26','30','0', 'N', 'N'),
('113','2','30','0', 'N', 'N'),
('113','22','30','0', 'N', 'N');

DROP TABLE IF EXISTS UnitArmorClasses;
CREATE TABLE IF NOT EXISTS UnitArmorClasses(
  /* PK */ unitArmorID INTEGER PRIMARY KEY AUTOINCREMENT,
  /* FK */ unitID INTEGER NOT NULL,
  /* FK */ armorID INTEGER NOT NULL,
  /* FK references */ FOREIGN KEY(armorID) references ArmorClasses(armorID),
  /* FK references */ FOREIGN KEY(unitID) references Units(unitID)
);

INSERT INTO UnitArmorClasses
(unitID, armorID)
VALUES
/* Archer unit (1) */
('1','1'),
('2','1'),
('55','1'),
('56','1'),
('43','1'),
('44','1'),
('45','1'),
('64','1'),
('33','1'),
('73','1'),
('74','1'),
('75','1'),
('7','1'),
('8','1'),
('9','1'),
('22','1'),
('60','1'),
('26','1'),
('62','1'),
/* Camel unit (3) */
('72','3'),
('6','3'),
('23','3'),
('61','3'),
/* Cavalry unit (5) */
('7','5'),
('8','5'),
('9','5'),
('73','5'),
('74','5'),
('75','5'),
('32','5'),
('79','5'),
('80','5'),
('18','5'),
('19','5'),
('20','5'),
('48','5'),
('49','5'),
('50','5'),
('91','5'),
('92','5'),
('93','5'),
('26','5'),
('62','5'),
('41','5'),
('66','5'),
/* Cavalry archer unit (6) */
('7','6'),
('8','6'),
('9','6'),
('73','6'),
('74','6'),
('75','6'),
('26','6'),
('62','6'),
/* Eagle warrior unit (7) */
/* Gunpowder unit (8) */
/* Infantry unit (9) */
('27','9'),
('28','9'),
('85','9'),
('86','9'),
('87','9'),
('88','9'),
('81','9'),
('82','9'),
('83','9'),
('84','9'),
('102','9'),
('103','9'),
('104','9'),
('105','9'),
('51','9'),
('52','9'),
('53','9'),
('54','9'),
('34','9'),
('35','9'),
('36','9'),
('37','9'),
('94','9'),
('95','9'),
('96','9'),
('97','9'),
('42','9'),
('67','9'),
('38','9'),
('65','9'),
('17','9'),
('58','9'),
('29','9'),
('63','9'),
('5','9'),
('57','9'),
('111','9'),
/* Monk unit (10) */
('109','10'),
/* Ram unit (11) */
('3','11'),
('4','11'),
('46','11'),
('47','11'),
('100','11'),
('101','11'),
/* Ship unit (12) */
('13','12'),
('14','12'),
('39','12'),
('106','12'),
('107','12'),
('15','12'),
('16','12'),
('69','12'),
('70','12'),
('71','12'),
('12','12'),
('68','12'),
('76','12'),
('10','12'),
('11','12'),
('21','12'),
('59','12'),
('110','12'),
('112','12'),
('113','12'),
/* Siege weapon unit (13) */
('3','13'),
('4','13'),
('46','13'),
('47','13'),
('100','13'),
('101','13'),
('24','13'),
('25','13'),
('89','13'),
('90','13'),
('98','13'),
('99','13'),
('30','13'),
('31','13'),
('40','13'),
/* Spearman unit (14) */
('34','14'),
('35','14'),
('36','14'),
('37','14'),
('94','14'),
('95','14'),
('96','14'),
('97','14'),
('111','14'),
/* Turtle ship unit (16) */
/* Unique unit (17) */
('22','17'),
('42','17'),
('38','17'),
('17','17'),
('29','17'),
('26','17'),
('41','17'),
('23','17'),
('5','17'),
('21','17'),
('57','17'),
('58','17'),
('59','17'),
('60','17'),
('61','17'),
('62','17'),
('63','17'),
('64','17'),
('65','17'),
('66','17'),
('67','17'),
/* Elephant unit (19) */
('41','19'),
('66','19'),
/* Hero unit (20) */
/* Demolition ship unit (21) */
('76','21'),
('10','21'),
('11','21'),
/* Galley unit (22) */
('15','22'),
('16','22'),
('69','22'),
('70','22'),
('71','22'),
('106','22'),
('107','22'),
('112','22'),
('113','22'),
('110','22'),
/* Fire ship unit (23) */
('12','23'),
('68','23'),
/* Land unit (26) */
('1','26'),
('2','26'),
('3','26'),
('4','26'),
('5','26'),
('6','26'),
('7','26'),
('8','26'),
('9','26'),
('17','26'),
('18','26'),
('19','26'),
('20','26'),
('21','26'),
('22','26'),
('23','26'),
('24','26'),
('25','26'),
('26','26'),
('27','26'),
('28','26'),
('29','26'),
('30','26'),
('31','26'),
('32','26'),
('33','26'),
('34','26'),
('35','26'),
('36','26'),
('37','26'),
('38','26'),
('40','26'),
('41','26'),
('42','26'),
('43','26'),
('44','26'),
('45','26'),
('46','26'),
('47','26'),
('48','26'),
('49','26'),
('50','26'),
('51','26'),
('52','26'),
('53','26'),
('54','26'),
('55','26'),
('56','26'),
('57','26'),
('58','26'),
('60','26'),
('61','26'),
('62','26'),
('63','26'),
('64','26'),
('65','26'),
('66','26'),
('67','26'),
('72','26'),
('73','26'),
('74','26'),
('75','26'),
('77','26'),
('78','26'),
('79','26'),
('80','26'),
('81','26'),
('82','26'),
('83','26'),
('84','26'),
('85','26'),
('86','26'),
('87','26'),
('88','26'),
('89','26'),
('90','26'),
('91','26'),
('92','26'),
('93','26'),
('94','26'),
('95','26'),
('96','26'),
('97','26'),
('98','26'),
('99','26'),
('100','26'),
('101','26'),
('102','26'),
('103','26'),
('104','26'),
('105','26'),
('108','26'),
('109','26'),
('111','26'),
/* Longboat (Viking) (27) */
('21','27'),
('59','27'),
/* Villager (28) */
('108','28');

DROP TABLE IF EXISTS BuildingArmorClasses;
CREATE TABLE IF NOT EXISTS BuildingArmorClasses(
  /* PK */ buildingArmorID INTEGER PRIMARY KEY AUTOINCREMENT,
  /* FK */ buildingID INTEGER NOT NULL,
  /* FK */ armorID INTEGER NOT NULL,
  /* FK references */ FOREIGN KEY(armorID) references ArmorClasses(armorID),
  /* FK references */ FOREIGN KEY(buildingID) references Buildings(buildingID)
);

INSERT INTO BuildingArmorClasses
(buildingID, armorID)
VALUES
/* Building armor class (2) */
('1','2'),
('2','2'),
('3','2'),
('4','2'),
('5','2'),
('6','2'),
('7','2'),
('8','2'),
('9','2'),
('10','2'),
('11','2'),
('12','2'),
('13','2'),
('14','2'),
('15','2'),
('16','2'),
('17','2'),
('18','2'),
('19','2'),
('20','2'),
('21','2'),
('22','2'),
('23','2'),
('24','2'),
('25','2'),
('26','2'),
('27','2'),
('28','2'),
('29','2'),
('30','2'),
('31','2'),
('32','2'),
('33','2'),
('34','2'),
('35','2'),
('36','2'),
('37','2'),
('38','2'),
/* Stone defence armor class (15) */
('29','15'),
('34','15'),
('33','15'),
/* Wall and gate armor class (18) */
('2','18'),
('24','18'),
('29','18'),
('34','18'),
/* Castle armor class (4) */
('4','4'),
('5','4'),
/* Watch tower building (24) */
('33','24'),
/* Town center building (25) */
('30','25'),
('31','25');


DROP TABLE IF EXISTS CivSpecificBuildings;
CREATE TABLE IF NOT EXISTS CivSpecificBuildings(
  /* PK */ civSpecificBuildingID INTEGER PRIMARY KEY AUTOINCREMENT,
  /* FK */ buildingID INTEGER NOT NULL,
  /* FK */ civilizationID INTEGER NOT NULL,
  /* FK references */ FOREIGN KEY(buildingID) references Buildings(buildingID),
  /* FK references */ FOREIGN KEY(civilizationID) references Civilizations(civilizationID)
);

INSERT INTO CivSpecificBuildings
(buildingID, civilizationID)
VALUES
('5', '6'),
('10', '5'),
('14', '7'),
('17', '7'),
('20', '7'),
('27', '7'),
('30', '1'),
('31', '5'),
('6','1'),
('7','6'),
('8','2'),
('9','9'),
('35','4'),
('36','7'),
('37','5'),
('38','3');

DROP TABLE IF EXISTS CivSpecificUnits;
CREATE TABLE IF NOT EXISTS CivSpecificUnits(
  /* PK */ civSpecificUnitID INTEGER PRIMARY KEY AUTOINCREMENT,
  /* FK */ unitID INTEGER NOT NULL,
  /* FK */ civilizationID INTEGER NOT NULL,
  /* FK references */ FOREIGN KEY(unitID) references Units(unitID),
  /* FK references */ FOREIGN KEY(civilizationID) references Civilizations(civilizationID)
);

INSERT INTO CivSpecificUnits
(unitID, civilizationID)
VALUES
('1', '8'),
('3', '2'),
('5', '9'),
('8', '8'),
('10', '9'),
('13', '7'),
('16', '8'),
('18', '6'),
('19', '5'),
('24', '3'),
('27', '3'),
('30', '2'),
('34', '3'),
('35', '7'),
('36', '9'),
('41', '5'),
('43', '1'),
('44', '8'),
('46', '2'),
('48', '6'),
('49', '5'),
('51', '3'),
('52', '7'),
('53', '9'),
('55', '8'),
('70', '9'),
('71', '8'),
('73', '4'),
('74', '8'),
('78', '2'),
('79', '4'),
('82', '9'),
('83', '7'),
('84', '3'),
('86', '7'),
('87', '9'),
('88', '3'),
('89', '2'),
('92', '6'),
('93', '5'),
('95', '9'),
('96', '7'),
('97', '3'),
('99', '2'),
('101', '2'),
('103','9'),
('104','7'),
('105','3'),
('21','9'),
('22','1'),
('23','8'),
('26','4'),
('29','7'),
('38','6'),
('42','2'),
('57','9'),
('58','3'),
('59','9'),
('60','1'),
('61','8'),
('62','4'),
('63','7'),
('65','6'),
('66','5'),
('67','2'),
('110','7'),
('111','2'),
('112','9'),
('113','7');